Workbook
Name D: calc!$D$4
Name L: calc!$D$3
Name S: calc!$D$5
Name W: calc!$D$6

Sheet calc
A1: Lawmmower problem
B3: L | C3: Length of the rope | D3: 10 | E3: meter | F3: =(L*100)&"cm" -> 1000cm | I3: Time it takes to mown the grass
B4: D | C4: Diameter Pole | D4: 12 | E4: cm | F4: =(D)&"cm" -> 12cm | J4: sec | K4: Min | L4: Hour | N4: Method
B5: S | C5: Speed mower | D5: 100 | E5: cm/sec. | F5: =(S)&"cm" -> 100cm | G5: 100 | I5: Method I | J5: =MAX(F10:F1009)*100/D5 -> 854.8658 | K5: =J5/60 -> 14.247763 | L5: =K5/60 -> 0.23746272 | N5: From rounds in steps
B6: W | C6: Width Mower (min) | D6: =D4*PI() -> 37.699112 | F6: =(TEXT(W,"0,0")&"cm") -> 37,7cm | I6: Method II | J6: =PI()* ((L*100-(D/2) +(W/2))^2) / (W*S) -> 854.88685 | K6: =J6/60 -> 14.248114 | L6: =K6/60 -> 0.23746857 | N6: T ≈ π ((L-(D/2) +(W/2))^2) / (W.S)
E8: circumference | I8: Question
C9: Round | D9: Distance | E9: Round | F9: Sum | I9: https://bit.ly/LawnmowerQ
C10: 1 | D10: =D3-D4/2/100 -> 9.94 | E10: =2*D10*PI() -> 62.454862 | F10: =SUM($E$10:E10) -> 62.454862
C11: =C10+1 -> 2 | D11: =D10-(PI()*$D$4/100) -> 9.5630089 | E11: =2*D11*PI() -> 60.086157 | F11: =SUM($E$10:E11) -> 122.54102
C12: =C11+1 -> 3 | D12: =D11-(PI()*$D$4/100) -> 9.1860178 | E12: =2*D12*PI() -> 57.717452 | F12: =SUM($E$10:E12) -> 180.25847
C13: =C12+1 -> 4 | D13: =D12-(PI()*$D$4/100) -> 8.8090266 | E13: =2*D13*PI() -> 55.348747 | F13: =SUM($E$10:E13) -> 235.60722
C14: =C13+1 -> 5 | D14: =D13-(PI()*$D$4/100) -> 8.4320355 | E14: =2*D14*PI() -> 52.980042 | F14: =SUM($E$10:E14) -> 288.58726
C15: =C14+1 -> 6 | D15: =D14-(PI()*$D$4/100) -> 8.0550444 | E15: =2*D15*PI() -> 50.611337 | F15: =SUM($E$10:E15) -> 339.1986
C16: =C15+1 -> 7 | D16: =D15-(PI()*$D$4/100) -> 7.6780533 | E16: =2*D16*PI() -> 48.242632 | F16: =SUM($E$10:E16) -> 387.44123
C17: =C16+1 -> 8 | D17: =D16-(PI()*$D$4/100) -> 7.3010622 | E17: =2*D17*PI() -> 45.873927 | F17: =SUM($E$10:E17) -> 433.31515
C18: =C17+1 -> 9 | D18: =D17-(PI()*$D$4/100) -> 6.9240711 | E18: =2*D18*PI() -> 43.505222 | F18: =SUM($E$10:E18) -> 476.82038
C19: =C18+1 -> 10 | D19: =D18-(PI()*$D$4/100) -> 6.5470799 | E19: =2*D19*PI() -> 41.136516 | F19: =SUM($E$10:E19) -> 517.95689
C20: =C19+1 -> 11 | D20: =D19-(PI()*$D$4/100) -> 6.1700888 | E20: =2*D20*PI() -> 38.767811 | F20: =SUM($E$10:E20) -> 556.7247
C21: =C20+1 -> 12 | D21: =D20-(PI()*$D$4/100) -> 5.7930977 | E21: =2*D21*PI() -> 36.399106 | F21: =SUM($E$10:E21) -> 593.12381
C22: =C21+1 -> 13 | D22: =D21-(PI()*$D$4/100) -> 5.4161066 | E22: =2*D22*PI() -> 34.030401 | F22: =SUM($E$10:E22) -> 627.15421
... C1009: =C1008+1 -> 1000 | D1009: =D1008-(PI()*$D$4/100) -> -366.67413 | E1009: =2*D1009*PI() -> -2303.8815 | F1009: =SUM($E$10:E1009) -> -1120713.3

Sheet Text
A1: Answer
A2: That's easy 😉 If the diameter of the pole is D, then the rope becomes D.π shorter each round. Let the width of the lawnmower be W. In order to avoid overlap and unmown grass, the width of the lawnmower must be exactly equal to the diameter of the pole times π. In formula: W= D.π.
A4: Since you usually already have a lawnmower, you can determine the diameter of the pole by dividing the width of the lawnmower by π. In formula: D=W/π. If the pole is wider, there will be unmown grass; with a narrower pole there will be an overlap.
A6: The next question is how much time (T) it takes for the lawnmower to mow the grass if it has a speed of S and the rope is L meters long. This is also easy to determine.
A8: If there is no overlap, the total area (A) that is then mowed is approximately A ≈ π ((L-(D/2) +(W/2))^2). The lawn mower mows per unit time W.S. So the mower takes approximately T ≈ A/(W.S) ≈ π ((L-(D/2) +(W/2))^2) / (W.S)) of time units.
A10: Example:
A11: L=10 meter=1000 cm, D=12 cm, W=37.7 cm, and S = 100 cm/sec.
A13: T ≈ π((L-(D/2) +(W/2))^2) / (W.S)=3.14159 x ((1000-(12/2)+(37.7/2))^2)/(37.7 x 100) ≈ 855 seconds ≈ 14 minutes.
A14: If the lawn mower is wider than D.π , it makes (almost) no difference to the time it takes to mow the grass. 😉
A21: =PI()*((calc!D10*100+0.5*calc!D4*PI())^2) -> 3222847.5 | C21: =PI()*((calc!D10*100+(calc!D6/2))^2) -> 3222847.5
C22: =C21/(calc!D6*calc!D5) -> 854.88685
A25: Example zonder overlap
A26: ="L = "&calc!D3&" meter = 1000 cm, D = "&calc!D4&" cm, W = "&TEXT(calc!D6,"0,0")&" cm, and S = "&calc!D5&" cm/second" -> L = 10 meter = 1000 cm, D = 12 cm, W = 37,7 cm, and S = 100 cm/second
A27: L = 10 meter = 1000 cm, D = 12 cm, W = 37,7 cm, and S = 100 cm/second
A28: ="T = "&calc!D3*100&"+ ("&calc!D4&"/2)r, W = "&TEXT(calc!D6,"0,0")&" centimeter, and S = "&calc!D5&" centimeter/second" -> T = 1000+ (12/2)r, W = 37,7 centimeter, and S = 100 centimeter/second
A29: T= (π(1000+(12/2))^2)/(37,7*100) = seconds
A30: =(PI()*(1000+(12/2))^2) -> 3179404.9
A32: =PI()* ((L*100-(D/2) +(W/2))^2) / (W*S) -> 854.88685
A33: π ((L-(D/2) +(W/2))^2) / (W*S)
A34: =3.14159*((1000-(12/2)+(37.7/2))^2)/(37.7*100) -> 854.86674 | B34: =A34/60 -> 14.247779
A35: 3.14159 ((1000-(12/2)+(37.7/2))^2)/(37.7 x 100)
